Workbook
Name Source: Fire!$A$42

Sheet Fire
A1: =MAX(0,INDEX(Fire!A2:BJ2,1,1+Decay!A1)-Decay!A1) | B1: =MAX(0,INDEX(Fire!A2:BJ2,1,2+Decay!B1)-Decay!B1) | C1: =MAX(0,INDEX(Fire!A2:BJ2,1,3+Decay!C1)-Decay!C1) | D1: =MAX(0,INDEX(Fire!A2:BJ2,1,4+Decay!D1)-Decay!D1) | E1: =MAX(0,INDEX(Fire!A2:BJ2,1,5+Decay!E1)-Decay!E1) | F1: =MAX(0,INDEX(Fire!A2:BJ2,1,6+Decay!F1)-Decay!F1) | G1: =MAX(0,INDEX(Fire!A2:BJ2,1,7+Decay!G1)-Decay!G1) | H1: =MAX(0,INDEX(Fire!A2:BJ2,1,8+Decay!H1)-Decay!H1) | I1: =MAX(0,INDEX(Fire!A2:BJ2,1,9+Decay!I1)-Decay!I1) | J1: =MAX(0,INDEX(Fire!A2:BJ2,1,10+Decay!J1)-Decay!J1) | K1: =MAX(0,INDEX(Fire!A2:BJ2,1,11+Decay!K1)-Decay!K1) | L1: =MAX(0,INDEX(Fire!A2:BJ2,1,12+Decay!L1)-Decay!L1) | M1: =MAX(0,INDEX(Fire!A2:BJ2,1,13+Decay!M1)-Decay!M1) | N1: =MAX(0,INDEX(Fire!A2:BJ2,1,14+Decay!N1)-Decay!N1) | O1: =MAX(0,INDEX(Fire!A2:BJ2,1,15+Decay!O1)-Decay!O1) | P1: =MAX(0,INDEX(Fire!A2:BJ2,1,16+Decay!P1)-Decay!P1) | Q1: =MAX(0,INDEX(Fire!A2:BJ2,1,17+Decay!Q1)-Decay!Q1) | R1: =MAX(0,INDEX(Fire!A2:BJ2,1,18+Decay!R1)-Decay!R1) | S1: =MAX(0,INDEX(Fire!A2:BJ2,1,19+Decay!S1)-Decay!S1) | T1: =MAX(0,INDEX(Fire!A2:BJ2,1,20+Decay!T1)-Decay!T1) | U1: =MAX(0,INDEX(Fire!A2:BJ2,1,21+Decay!U1)-Decay!U1) | V1: =MAX(0,INDEX(Fire!A2:BJ2,1,22+Decay!V1)-Decay!V1) | W1: =MAX(0,INDEX(Fire!A2:BJ2,1,23+Decay!W1)-Decay!W1) | X1: =MAX(0,INDEX(Fire!A2:BJ2,1,24+Decay!X1)-Decay!X1) | Y1: =MAX(0,INDEX(Fire!A2:BJ2,1,25+Decay!Y1)-Decay!Y1) | Z1: =MAX(0,INDEX(Fire!A2:BJ2,1,26+Decay!Z1)-Decay!Z1) | AA1: =MAX(0,INDEX(Fire!A2:BJ2,1,27+Decay!AA1)-Decay!AA1) | AB1: =MAX(0,INDEX(Fire!A2:BJ2,1,28+Decay!AB1)-Decay!AB1) | AC1: =MAX(0,INDEX(Fire!A2:BJ2,1,29+Decay!AC1)-Decay!AC1) | AD1: =MAX(0,INDEX(Fire!A2:BJ2,1,30+Decay!AD1)-Decay!AD1) | AE1: =MAX(0,INDEX(Fire!A2:BJ2,1,31+Decay!AE1)-Decay!AE1) | AF1: =MAX(0,INDEX(Fire!A2:BJ2,1,32+Decay!AF1)-Decay!AF1) | AG1: =MAX(0,INDEX(Fire!A2:BJ2,1,33+Decay!AG1)-Decay!AG1) | AH1: =MAX(0,INDEX(Fire!A2:BJ2,1,34+Decay!AH1)-Decay!AH1) | AI1: =MAX(0,INDEX(Fire!A2:BJ2,1,35+Decay!AI1)-Decay!AI1) | AJ1: =MAX(0,INDEX(Fire!A2:BJ2,1,36+Decay!AJ1)-Decay!AJ1) | AK1: =MAX(0,INDEX(Fire!A2:BJ2,1,37+Decay!AK1)-Decay!AK1) | AL1: =MAX(0,INDEX(Fire!A2:BJ2,1,38+Decay!AL1)-Decay!AL1) | AM1: =MAX(0,INDEX(Fire!A2:BJ2,1,39+Decay!AM1)-Decay!AM1) | AN1: =MAX(0,INDEX(Fire!A2:BJ2,1,40+Decay!AN1)-Decay!AN1) | AO1: =MAX(0,INDEX(Fire!A2:BJ2,1,41+Decay!AO1)-Decay!AO1) | AP1: =MAX(0,INDEX(Fire!A2:BJ2,1,42+Decay!AP1)-Decay!AP1) | AQ1: =MAX(0,INDEX(Fire!A2:BJ2,1,43+Decay!AQ1)-Decay!AQ1) | AR1: =MAX(0,INDEX(Fire!A2:BJ2,1,44+Decay!AR1)-Decay!AR1) | AS1: =MAX(0,INDEX(Fire!A2:BJ2,1,45+Decay!AS1)-Decay!AS1) | AT1: =MAX(0,INDEX(Fire!A2:BJ2,1,46+Decay!AT1)-Decay!AT1) | AU1: =MAX(0,INDEX(Fire!A2:BJ2,1,47+Decay!AU1)-Decay!AU1) | AV1: =MAX(0,INDEX(Fire!A2:BJ2,1,48+Decay!AV1)-Decay!AV1) | AW1: =MAX(0,INDEX(Fire!A2:BJ2,1,49+Decay!AW1)-Decay!AW1) | AX1: =MAX(0,INDEX(Fire!A2:BJ2,1,50+Decay!AX1)-Decay!AX1) | AY1: =MAX(0,INDEX(Fire!A2:BJ2,1,51+Decay!AY1)-Decay!AY1) | AZ1: =MAX(0,INDEX(Fire!A2:BJ2,1,52+Decay!AZ1)-Decay!AZ1) | BA1: =MAX(0,INDEX(Fire!A2:BJ2,1,53+Decay!BA1)-Decay!BA1) | BB1: =MAX(0,INDEX(Fire!A2:BJ2,1,54+Decay!BB1)-Decay!BB1) | BC1: =MAX(0,INDEX(Fire!A2:BJ2,1,55+Decay!BC1)-Decay!BC1) | BD1: =MAX(0,INDEX(Fire!A2:BJ2,1,56+Decay!BD1)-Decay!BD1) | BE1: =MAX(0,INDEX(Fire!A2:BJ2,1,57+Decay!BE1)-Decay!BE1) | BF1: =MAX(0,INDEX(Fire!A2:BJ2,1,58+Decay!BF1)-Decay!BF1) | BG1: =MAX(0,INDEX(Fire!A2:BJ2,1,59+Decay!BG1)-Decay!BG1) | BH1: =MAX(0,INDEX(Fire!A2:BJ2,1,60+Decay!BH1)-Decay!BH1) | BI1: 0 | BJ1: 0
A2: =MAX(0,INDEX(Fire!A3:BJ3,1,1+Decay!A2)-Decay!A2) | B2: =MAX(0,INDEX(Fire!A3:BJ3,1,2+Decay!B2)-Decay!B2) | C2: =MAX(0,INDEX(Fire!A3:BJ3,1,3+Decay!C2)-Decay!C2) | D2: =MAX(0,INDEX(Fire!A3:BJ3,1,4+Decay!D2)-Decay!D2) | E2: =MAX(0,INDEX(Fire!A3:BJ3,1,5+Decay!E2)-Decay!E2) | F2: =MAX(0,INDEX(Fire!A3:BJ3,1,6+Decay!F2)-Decay!F2) | G2: =MAX(0,INDEX(Fire!A3:BJ3,1,7+Decay!G2)-Decay!G2) | H2: =MAX(0,INDEX(Fire!A3:BJ3,1,8+Decay!H2)-Decay!H2) | I2: =MAX(0,INDEX(Fire!A3:BJ3,1,9+Decay!I2)-Decay!I2) | J2: =MAX(0,INDEX(Fire!A3:BJ3,1,10+Decay!J2)-Decay!J2) | K2: =MAX(0,INDEX(Fire!A3:BJ3,1,11+Decay!K2)-Decay!K2) | L2: =MAX(0,INDEX(Fire!A3:BJ3,1,12+Decay!L2)-Decay!L2) | M2: =MAX(0,INDEX(Fire!A3:BJ3,1,13+Decay!M2)-Decay!M2) | N2: =MAX(0,INDEX(Fire!A3:BJ3,1,14+Decay!N2)-Decay!N2) | O2: =MAX(0,INDEX(Fire!A3:BJ3,1,15+Decay!O2)-Decay!O2) | P2: =MAX(0,INDEX(Fire!A3:BJ3,1,16+Decay!P2)-Decay!P2) | Q2: =MAX(0,INDEX(Fire!A3:BJ3,1,17+Decay!Q2)-Decay!Q2) | R2: =MAX(0,INDEX(Fire!A3:BJ3,1,18+Decay!R2)-Decay!R2) | S2: =MAX(0,INDEX(Fire!A3:BJ3,1,19+Decay!S2)-Decay!S2) | T2: =MAX(0,INDEX(Fire!A3:BJ3,1,20+Decay!T2)-Decay!T2) | U2: =MAX(0,INDEX(Fire!A3:BJ3,1,21+Decay!U2)-Decay!U2) | V2: =MAX(0,INDEX(Fire!A3:BJ3,1,22+Decay!V2)-Decay!V2) | W2: =MAX(0,INDEX(Fire!A3:BJ3,1,23+Decay!W2)-Decay!W2) | X2: =MAX(0,INDEX(Fire!A3:BJ3,1,24+Decay!X2)-Decay!X2) | Y2: =MAX(0,INDEX(Fire!A3:BJ3,1,25+Decay!Y2)-Decay!Y2) | Z2: =MAX(0,INDEX(Fire!A3:BJ3,1,26+Decay!Z2)-Decay!Z2) | AA2: =MAX(0,INDEX(Fire!A3:BJ3,1,27+Decay!AA2)-Decay!AA2) | AB2: =MAX(0,INDEX(Fire!A3:BJ3,1,28+Decay!AB2)-Decay!AB2) | AC2: =MAX(0,INDEX(Fire!A3:BJ3,1,29+Decay!AC2)-Decay!AC2) | AD2: =MAX(0,INDEX(Fire!A3:BJ3,1,30+Decay!AD2)-Decay!AD2) | AE2: =MAX(0,INDEX(Fire!A3:BJ3,1,31+Decay!AE2)-Decay!AE2) | AF2: =MAX(0,INDEX(Fire!A3:BJ3,1,32+Decay!AF2)-Decay!AF2) | AG2: =MAX(0,INDEX(Fire!A3:BJ3,1,33+Decay!AG2)-Decay!AG2) | AH2: =MAX(0,INDEX(Fire!A3:BJ3,1,34+Decay!AH2)-Decay!AH2) | AI2: =MAX(0,INDEX(Fire!A3:BJ3,1,35+Decay!AI2)-Decay!AI2) | AJ2: =MAX(0,INDEX(Fire!A3:BJ3,1,36+Decay!AJ2)-Decay!AJ2) | AK2: =MAX(0,INDEX(Fire!A3:BJ3,1,37+Decay!AK2)-Decay!AK2) | AL2: =MAX(0,INDEX(Fire!A3:BJ3,1,38+Decay!AL2)-Decay!AL2) | AM2: =MAX(0,INDEX(Fire!A3:BJ3,1,39+Decay!AM2)-Decay!AM2) | AN2: =MAX(0,INDEX(Fire!A3:BJ3,1,40+Decay!AN2)-Decay!AN2) | AO2: =MAX(0,INDEX(Fire!A3:BJ3,1,41+Decay!AO2)-Decay!AO2) | AP2: =MAX(0,INDEX(Fire!A3:BJ3,1,42+Decay!AP2)-Decay!AP2) | AQ2: =MAX(0,INDEX(Fire!A3:BJ3,1,43+Decay!AQ2)-Decay!AQ2) | AR2: =MAX(0,INDEX(Fire!A3:BJ3,1,44+Decay!AR2)-Decay!AR2) | AS2: =MAX(0,INDEX(Fire!A3:BJ3,1,45+Decay!AS2)-Decay!AS2) | AT2: =MAX(0,INDEX(Fire!A3:BJ3,1,46+Decay!AT2)-Decay!AT2) | AU2: =MAX(0,INDEX(Fire!A3:BJ3,1,47+Decay!AU2)-Decay!AU2) | AV2: =MAX(0,INDEX(Fire!A3:BJ3,1,48+Decay!AV2)-Decay!AV2) | AW2: =MAX(0,INDEX(Fire!A3:BJ3,1,49+Decay!AW2)-Decay!AW2) | AX2: =MAX(0,INDEX(Fire!A3:BJ3,1,50+Decay!AX2)-Decay!AX2) | AY2: =MAX(0,INDEX(Fire!A3:BJ3,1,51+Decay!AY2)-Decay!AY2) | AZ2: =MAX(0,INDEX(Fire!A3:BJ3,1,52+Decay!AZ2)-Decay!AZ2) | BA2: =MAX(0,INDEX(Fire!A3:BJ3,1,53+Decay!BA2)-Decay!BA2) | BB2: =MAX(0,INDEX(Fire!A3:BJ3,1,54+Decay!BB2)-Decay!BB2) | BC2: =MAX(0,INDEX(Fire!A3:BJ3,1,55+Decay!BC2)-Decay!BC2) | BD2: =MAX(0,INDEX(Fire!A3:BJ3,1,56+Decay!BD2)-Decay!BD2) | BE2: =MAX(0,INDEX(Fire!A3:BJ3,1,57+Decay!BE2)-Decay!BE2) | BF2: =MAX(0,INDEX(Fire!A3:BJ3,1,58+Decay!BF2)-Decay!BF2) | BG2: =MAX(0,INDEX(Fire!A3:BJ3,1,59+Decay!BG2)-Decay!BG2) | BH2: =MAX(0,INDEX(Fire!A3:BJ3,1,60+Decay!BH2)-Decay!BH2) | BI2: 0 | BJ2: 0
A3: =MAX(0,INDEX(Fire!A4:BJ4,1,1+Decay!A3)-Decay!A3) | B3: =MAX(0,INDEX(Fire!A4:BJ4,1,2+Decay!B3)-Decay!B3) | C3: =MAX(0,INDEX(Fire!A4:BJ4,1,3+Decay!C3)-Decay!C3) | D3: =MAX(0,INDEX(Fire!A4:BJ4,1,4+Decay!D3)-Decay!D3) | E3: =MAX(0,INDEX(Fire!A4:BJ4,1,5+Decay!E3)-Decay!E3) | F3: =MAX(0,INDEX(Fire!A4:BJ4,1,6+Decay!F3)-Decay!F3) | G3: =MAX(0,INDEX(Fire!A4:BJ4,1,7+Decay!G3)-Decay!G3) | H3: =MAX(0,INDEX(Fire!A4:BJ4,1,8+Decay!H3)-Decay!H3) | I3: =MAX(0,INDEX(Fire!A4:BJ4,1,9+Decay!I3)-Decay!I3) | J3: =MAX(0,INDEX(Fire!A4:BJ4,1,10+Decay!J3)-Decay!J3) | K3: =MAX(0,INDEX(Fire!A4:BJ4,1,11+Decay!K3)-Decay!K3) | L3: =MAX(0,INDEX(Fire!A4:BJ4,1,12+Decay!L3)-Decay!L3) | M3: =MAX(0,INDEX(Fire!A4:BJ4,1,13+Decay!M3)-Decay!M3) | N3: =MAX(0,INDEX(Fire!A4:BJ4,1,14+Decay!N3)-Decay!N3) | O3: =MAX(0,INDEX(Fire!A4:BJ4,1,15+Decay!O3)-Decay!O3) | P3: =MAX(0,INDEX(Fire!A4:BJ4,1,16+Decay!P3)-Decay!P3) | Q3: =MAX(0,INDEX(Fire!A4:BJ4,1,17+Decay!Q3)-Decay!Q3) | R3: =MAX(0,INDEX(Fire!A4:BJ4,1,18+Decay!R3)-Decay!R3) | S3: =MAX(0,INDEX(Fire!A4:BJ4,1,19+Decay!S3)-Decay!S3) | T3: =MAX(0,INDEX(Fire!A4:BJ4,1,20+Decay!T3)-Decay!T3) | U3: =MAX(0,INDEX(Fire!A4:BJ4,1,21+Decay!U3)-Decay!U3) | V3: =MAX(0,INDEX(Fire!A4:BJ4,1,22+Decay!V3)-Decay!V3) | W3: =MAX(0,INDEX(Fire!A4:BJ4,1,23+Decay!W3)-Decay!W3) | X3: =MAX(0,INDEX(Fire!A4:BJ4,1,24+Decay!X3)-Decay!X3) | Y3: =MAX(0,INDEX(Fire!A4:BJ4,1,25+Decay!Y3)-Decay!Y3) | Z3: =MAX(0,INDEX(Fire!A4:BJ4,1,26+Decay!Z3)-Decay!Z3) | AA3: =MAX(0,INDEX(Fire!A4:BJ4,1,27+Decay!AA3)-Decay!AA3) | AB3: =MAX(0,INDEX(Fire!A4:BJ4,1,28+Decay!AB3)-Decay!AB3) | AC3: =MAX(0,INDEX(Fire!A4:BJ4,1,29+Decay!AC3)-Decay!AC3) | AD3: =MAX(0,INDEX(Fire!A4:BJ4,1,30+Decay!AD3)-Decay!AD3) | AE3: =MAX(0,INDEX(Fire!A4:BJ4,1,31+Decay!AE3)-Decay!AE3) | AF3: =MAX(0,INDEX(Fire!A4:BJ4,1,32+Decay!AF3)-Decay!AF3) | AG3: =MAX(0,INDEX(Fire!A4:BJ4,1,33+Decay!AG3)-Decay!AG3) | AH3: =MAX(0,INDEX(Fire!A4:BJ4,1,34+Decay!AH3)-Decay!AH3) | AI3: =MAX(0,INDEX(Fire!A4:BJ4,1,35+Decay!AI3)-Decay!AI3) | AJ3: =MAX(0,INDEX(Fire!A4:BJ4,1,36+Decay!AJ3)-Decay!AJ3) | AK3: =MAX(0,INDEX(Fire!A4:BJ4,1,37+Decay!AK3)-Decay!AK3) | AL3: =MAX(0,INDEX(Fire!A4:BJ4,1,38+Decay!AL3)-Decay!AL3) | AM3: =MAX(0,INDEX(Fire!A4:BJ4,1,39+Decay!AM3)-Decay!AM3) | AN3: =MAX(0,INDEX(Fire!A4:BJ4,1,40+Decay!AN3)-Decay!AN3) | AO3: =MAX(0,INDEX(Fire!A4:BJ4,1,41+Decay!AO3)-Decay!AO3) | AP3: =MAX(0,INDEX(Fire!A4:BJ4,1,42+Decay!AP3)-Decay!AP3) | AQ3: =MAX(0,INDEX(Fire!A4:BJ4,1,43+Decay!AQ3)-Decay!AQ3) | AR3: =MAX(0,INDEX(Fire!A4:BJ4,1,44+Decay!AR3)-Decay!AR3) | AS3: =MAX(0,INDEX(Fire!A4:BJ4,1,45+Decay!AS3)-Decay!AS3) | AT3: =MAX(0,INDEX(Fire!A4:BJ4,1,46+Decay!AT3)-Decay!AT3) | AU3: =MAX(0,INDEX(Fire!A4:BJ4,1,47+Decay!AU3)-Decay!AU3) | AV3: =MAX(0,INDEX(Fire!A4:BJ4,1,48+Decay!AV3)-Decay!AV3) | AW3: =MAX(0,INDEX(Fire!A4:BJ4,1,49+Decay!AW3)-Decay!AW3) | AX3: =MAX(0,INDEX(Fire!A4:BJ4,1,50+Decay!AX3)-Decay!AX3) | AY3: =MAX(0,INDEX(Fire!A4:BJ4,1,51+Decay!AY3)-Decay!AY3) | AZ3: =MAX(0,INDEX(Fire!A4:BJ4,1,52+Decay!AZ3)-Decay!AZ3) | BA3: =MAX(0,INDEX(Fire!A4:BJ4,1,53+Decay!BA3)-Decay!BA3) | BB3: =MAX(0,INDEX(Fire!A4:BJ4,1,54+Decay!BB3)-Decay!BB3) | BC3: =MAX(0,INDEX(Fire!A4:BJ4,1,55+Decay!BC3)-Decay!BC3) | BD3: =MAX(0,INDEX(Fire!A4:BJ4,1,56+Decay!BD3)-Decay!BD3) | BE3: =MAX(0,INDEX(Fire!A4:BJ4,1,57+Decay!BE3)-Decay!BE3) | BF3: =MAX(0,INDEX(Fire!A4:BJ4,1,58+Decay!BF3)-Decay!BF3) | BG3: =MAX(0,INDEX(Fire!A4:BJ4,1,59+Decay!BG3)-Decay!BG3) | BH3: =MAX(0,INDEX(Fire!A4:BJ4,1,60+Decay!BH3)-Decay!BH3) | BI3: 0 | BJ3: 0
A4: =MAX(0,INDEX(Fire!A5:BJ5,1,1+Decay!A4)-Decay!A4) | B4: =MAX(0,INDEX(Fire!A5:BJ5,1,2+Decay!B4)-Decay!B4) | C4: =MAX(0,INDEX(Fire!A5:BJ5,1,3+Decay!C4)-Decay!C4) | D4: =MAX(0,INDEX(Fire!A5:BJ5,1,4+Decay!D4)-Decay!D4) | E4: =MAX(0,INDEX(Fire!A5:BJ5,1,5+Decay!E4)-Decay!E4) | F4: =MAX(0,INDEX(Fire!A5:BJ5,1,6+Decay!F4)-Decay!F4) | G4: =MAX(0,INDEX(Fire!A5:BJ5,1,7+Decay!G4)-Decay!G4) | H4: =MAX(0,INDEX(Fire!A5:BJ5,1,8+Decay!H4)-Decay!H4) | I4: =MAX(0,INDEX(Fire!A5:BJ5,1,9+Decay!I4)-Decay!I4) | J4: =MAX(0,INDEX(Fire!A5:BJ5,1,10+Decay!J4)-Decay!J4) | K4: =MAX(0,INDEX(Fire!A5:BJ5,1,11+Decay!K4)-Decay!K4) | L4: =MAX(0,INDEX(Fire!A5:BJ5,1,12+Decay!L4)-Decay!L4) | M4: =MAX(0,INDEX(Fire!A5:BJ5,1,13+Decay!M4)-Decay!M4) | N4: =MAX(0,INDEX(Fire!A5:BJ5,1,14+Decay!N4)-Decay!N4) | O4: =MAX(0,INDEX(Fire!A5:BJ5,1,15+Decay!O4)-Decay!O4) | P4: =MAX(0,INDEX(Fire!A5:BJ5,1,16+Decay!P4)-Decay!P4) | Q4: =MAX(0,INDEX(Fire!A5:BJ5,1,17+Decay!Q4)-Decay!Q4) | R4: =MAX(0,INDEX(Fire!A5:BJ5,1,18+Decay!R4)-Decay!R4) | S4: =MAX(0,INDEX(Fire!A5:BJ5,1,19+Decay!S4)-Decay!S4) | T4: =MAX(0,INDEX(Fire!A5:BJ5,1,20+Decay!T4)-Decay!T4) | U4: =MAX(0,INDEX(Fire!A5:BJ5,1,21+Decay!U4)-Decay!U4) | V4: =MAX(0,INDEX(Fire!A5:BJ5,1,22+Decay!V4)-Decay!V4) | W4: =MAX(0,INDEX(Fire!A5:BJ5,1,23+Decay!W4)-Decay!W4) | X4: =MAX(0,INDEX(Fire!A5:BJ5,1,24+Decay!X4)-Decay!X4) | Y4: =MAX(0,INDEX(Fire!A5:BJ5,1,25+Decay!Y4)-Decay!Y4) | Z4: =MAX(0,INDEX(Fire!A5:BJ5,1,26+Decay!Z4)-Decay!Z4) | AA4: =MAX(0,INDEX(Fire!A5:BJ5,1,27+Decay!AA4)-Decay!AA4) | AB4: =MAX(0,INDEX(Fire!A5:BJ5,1,28+Decay!AB4)-Decay!AB4) | AC4: =MAX(0,INDEX(Fire!A5:BJ5,1,29+Decay!AC4)-Decay!AC4) | AD4: =MAX(0,INDEX(Fire!A5:BJ5,1,30+Decay!AD4)-Decay!AD4) | AE4: =MAX(0,INDEX(Fire!A5:BJ5,1,31+Decay!AE4)-Decay!AE4) | AF4: =MAX(0,INDEX(Fire!A5:BJ5,1,32+Decay!AF4)-Decay!AF4) | AG4: =MAX(0,INDEX(Fire!A5:BJ5,1,33+Decay!AG4)-Decay!AG4) | AH4: =MAX(0,INDEX(Fire!A5:BJ5,1,34+Decay!AH4)-Decay!AH4) | AI4: =MAX(0,INDEX(Fire!A5:BJ5,1,35+Decay!AI4)-Decay!AI4) | AJ4: =MAX(0,INDEX(Fire!A5:BJ5,1,36+Decay!AJ4)-Decay!AJ4) | AK4: =MAX(0,INDEX(Fire!A5:BJ5,1,37+Decay!AK4)-Decay!AK4) | AL4: =MAX(0,INDEX(Fire!A5:BJ5,1,38+Decay!AL4)-Decay!AL4) | AM4: =MAX(0,INDEX(Fire!A5:BJ5,1,39+Decay!AM4)-Decay!AM4) | AN4: =MAX(0,INDEX(Fire!A5:BJ5,1,40+Decay!AN4)-Decay!AN4) | AO4: =MAX(0,INDEX(Fire!A5:BJ5,1,41+Decay!AO4)-Decay!AO4) | AP4: =MAX(0,INDEX(Fire!A5:BJ5,1,42+Decay!AP4)-Decay!AP4) | AQ4: =MAX(0,INDEX(Fire!A5:BJ5,1,43+Decay!AQ4)-Decay!AQ4) | AR4: =MAX(0,INDEX(Fire!A5:BJ5,1,44+Decay!AR4)-Decay!AR4) | AS4: =MAX(0,INDEX(Fire!A5:BJ5,1,45+Decay!AS4)-Decay!AS4) | AT4: =MAX(0,INDEX(Fire!A5:BJ5,1,46+Decay!AT4)-Decay!AT4) | AU4: =MAX(0,INDEX(Fire!A5:BJ5,1,47+Decay!AU4)-Decay!AU4) | AV4: =MAX(0,INDEX(Fire!A5:BJ5,1,48+Decay!AV4)-Decay!AV4) | AW4: =MAX(0,INDEX(Fire!A5:BJ5,1,49+Decay!AW4)-Decay!AW4) | AX4: =MAX(0,INDEX(Fire!A5:BJ5,1,50+Decay!AX4)-Decay!AX4) | AY4: =MAX(0,INDEX(Fire!A5:BJ5,1,51+Decay!AY4)-Decay!AY4) | AZ4: =MAX(0,INDEX(Fire!A5:BJ5,1,52+Decay!AZ4)-Decay!AZ4) | BA4: =MAX(0,INDEX(Fire!A5:BJ5,1,53+Decay!BA4)-Decay!BA4) | BB4: =MAX(0,INDEX(Fire!A5:BJ5,1,54+Decay!BB4)-Decay!BB4) | BC4: =MAX(0,INDEX(Fire!A5:BJ5,1,55+Decay!BC4)-Decay!BC4) | BD4: =MAX(0,INDEX(Fire!A5:BJ5,1,56+Decay!BD4)-Decay!BD4) | BE4: =MAX(0,INDEX(Fire!A5:BJ5,1,57+Decay!BE4)-Decay!BE4) | BF4: =MAX(0,INDEX(Fire!A5:BJ5,1,58+Decay!BF4)-Decay!BF4) | BG4: =MAX(0,INDEX(Fire!A5:BJ5,1,59+Decay!BG4)-Decay!BG4) | BH4: =MAX(0,INDEX(Fire!A5:BJ5,1,60+Decay!BH4)-Decay!BH4) | BI4: 0 | BJ4: 0
A5: =MAX(0,INDEX(Fire!A6:BJ6,1,1+Decay!A5)-Decay!A5) | B5: =MAX(0,INDEX(Fire!A6:BJ6,1,2+Decay!B5)-Decay!B5) | C5: =MAX(0,INDEX(Fire!A6:BJ6,1,3+Decay!C5)-Decay!C5) | D5: =MAX(0,INDEX(Fire!A6:BJ6,1,4+Decay!D5)-Decay!D5) | E5: =MAX(0,INDEX(Fire!A6:BJ6,1,5+Decay!E5)-Decay!E5) | F5: =MAX(0,INDEX(Fire!A6:BJ6,1,6+Decay!F5)-Decay!F5) | G5: =MAX(0,INDEX(Fire!A6:BJ6,1,7+Decay!G5)-Decay!G5) | H5: =MAX(0,INDEX(Fire!A6:BJ6,1,8+Decay!H5)-Decay!H5) | I5: =MAX(0,INDEX(Fire!A6:BJ6,1,9+Decay!I5)-Decay!I5) | J5: =MAX(0,INDEX(Fire!A6:BJ6,1,10+Decay!J5)-Decay!J5) | K5: =MAX(0,INDEX(Fire!A6:BJ6,1,11+Decay!K5)-Decay!K5) | L5: =MAX(0,INDEX(Fire!A6:BJ6,1,12+Decay!L5)-Decay!L5) | M5: =MAX(0,INDEX(Fire!A6:BJ6,1,13+Decay!M5)-Decay!M5) | N5: =MAX(0,INDEX(Fire!A6:BJ6,1,14+Decay!N5)-Decay!N5) | O5: =MAX(0,INDEX(Fire!A6:BJ6,1,15+Decay!O5)-Decay!O5) | P5: =MAX(0,INDEX(Fire!A6:BJ6,1,16+Decay!P5)-Decay!P5) | Q5: =MAX(0,INDEX(Fire!A6:BJ6,1,17+Decay!Q5)-Decay!Q5) | R5: =MAX(0,INDEX(Fire!A6:BJ6,1,18+Decay!R5)-Decay!R5) | S5: =MAX(0,INDEX(Fire!A6:BJ6,1,19+Decay!S5)-Decay!S5) | T5: =MAX(0,INDEX(Fire!A6:BJ6,1,20+Decay!T5)-Decay!T5) | U5: =MAX(0,INDEX(Fire!A6:BJ6,1,21+Decay!U5)-Decay!U5) | V5: =MAX(0,INDEX(Fire!A6:BJ6,1,22+Decay!V5)-Decay!V5) | W5: =MAX(0,INDEX(Fire!A6:BJ6,1,23+Decay!W5)-Decay!W5) | X5: =MAX(0,INDEX(Fire!A6:BJ6,1,24+Decay!X5)-Decay!X5) | Y5: =MAX(0,INDEX(Fire!A6:BJ6,1,25+Decay!Y5)-Decay!Y5) | Z5: =MAX(0,INDEX(Fire!A6:BJ6,1,26+Decay!Z5)-Decay!Z5) | AA5: =MAX(0,INDEX(Fire!A6:BJ6,1,27+Decay!AA5)-Decay!AA5) | AB5: =MAX(0,INDEX(Fire!A6:BJ6,1,28+Decay!AB5)-Decay!AB5) | AC5: =MAX(0,INDEX(Fire!A6:BJ6,1,29+Decay!AC5)-Decay!AC5) | AD5: =MAX(0,INDEX(Fire!A6:BJ6,1,30+Decay!AD5)-Decay!AD5) | AE5: =MAX(0,INDEX(Fire!A6:BJ6,1,31+Decay!AE5)-Decay!AE5) | AF5: =MAX(0,INDEX(Fire!A6:BJ6,1,32+Decay!AF5)-Decay!AF5) | AG5: =MAX(0,INDEX(Fire!A6:BJ6,1,33+Decay!AG5)-Decay!AG5) | AH5: =MAX(0,INDEX(Fire!A6:BJ6,1,34+Decay!AH5)-Decay!AH5) | AI5: =MAX(0,INDEX(Fire!A6:BJ6,1,35+Decay!AI5)-Decay!AI5) | AJ5: =MAX(0,INDEX(Fire!A6:BJ6,1,36+Decay!AJ5)-Decay!AJ5) | AK5: =MAX(0,INDEX(Fire!A6:BJ6,1,37+Decay!AK5)-Decay!AK5) | AL5: =MAX(0,INDEX(Fire!A6:BJ6,1,38+Decay!AL5)-Decay!AL5) | AM5: =MAX(0,INDEX(Fire!A6:BJ6,1,39+Decay!AM5)-Decay!AM5) | AN5: =MAX(0,INDEX(Fire!A6:BJ6,1,40+Decay!AN5)-Decay!AN5) | AO5: =MAX(0,INDEX(Fire!A6:BJ6,1,41+Decay!AO5)-Decay!AO5) | AP5: =MAX(0,INDEX(Fire!A6:BJ6,1,42+Decay!AP5)-Decay!AP5) | AQ5: =MAX(0,INDEX(Fire!A6:BJ6,1,43+Decay!AQ5)-Decay!AQ5) | AR5: =MAX(0,INDEX(Fire!A6:BJ6,1,44+Decay!AR5)-Decay!AR5) | AS5: =MAX(0,INDEX(Fire!A6:BJ6,1,45+Decay!AS5)-Decay!AS5) | AT5: =MAX(0,INDEX(Fire!A6:BJ6,1,46+Decay!AT5)-Decay!AT5) | AU5: =MAX(0,INDEX(Fire!A6:BJ6,1,47+Decay!AU5)-Decay!AU5) | AV5: =MAX(0,INDEX(Fire!A6:BJ6,1,48+Decay!AV5)-Decay!AV5) | AW5: =MAX(0,INDEX(Fire!A6:BJ6,1,49+Decay!AW5)-Decay!AW5) | AX5: =MAX(0,INDEX(Fire!A6:BJ6,1,50+Decay!AX5)-Decay!AX5) | AY5: =MAX(0,INDEX(Fire!A6:BJ6,1,51+Decay!AY5)-Decay!AY5) | AZ5: =MAX(0,INDEX(Fire!A6:BJ6,1,52+Decay!AZ5)-Decay!AZ5) | BA5: =MAX(0,INDEX(Fire!A6:BJ6,1,53+Decay!BA5)-Decay!BA5) | BB5: =MAX(0,INDEX(Fire!A6:BJ6,1,54+Decay!BB5)-Decay!BB5) | BC5: =MAX(0,INDEX(Fire!A6:BJ6,1,55+Decay!BC5)-Decay!BC5) | BD5: =MAX(0,INDEX(Fire!A6:BJ6,1,56+Decay!BD5)-Decay!BD5) | BE5: =MAX(0,INDEX(Fire!A6:BJ6,1,57+Decay!BE5)-Decay!BE5) | BF5: =MAX(0,INDEX(Fire!A6:BJ6,1,58+Decay!BF5)-Decay!BF5) | BG5: =MAX(0,INDEX(Fire!A6:BJ6,1,59+Decay!BG5)-Decay!BG5) | BH5: =MAX(0,INDEX(Fire!A6:BJ6,1,60+Decay!BH5)-Decay!BH5) | BI5: 0 | BJ5: 0
A6: =MAX(0,INDEX(Fire!A7:BJ7,1,1+Decay!A6)-Decay!A6) | B6: =MAX(0,INDEX(Fire!A7:BJ7,1,2+Decay!B6)-Decay!B6) | C6: =MAX(0,INDEX(Fire!A7:BJ7,1,3+Decay!C6)-Decay!C6) | D6: =MAX(0,INDEX(Fire!A7:BJ7,1,4+Decay!D6)-Decay!D6) | E6: =MAX(0,INDEX(Fire!A7:BJ7,1,5+Decay!E6)-Decay!E6) | F6: =MAX(0,INDEX(Fire!A7:BJ7,1,6+Decay!F6)-Decay!F6) | G6: =MAX(0,INDEX(Fire!A7:BJ7,1,7+Decay!G6)-Decay!G6) | H6: =MAX(0,INDEX(Fire!A7:BJ7,1,8+Decay!H6)-Decay!H6) | I6: =MAX(0,INDEX(Fire!A7:BJ7,1,9+Decay!I6)-Decay!I6) | J6: =MAX(0,INDEX(Fire!A7:BJ7,1,10+Decay!J6)-Decay!J6) | K6: =MAX(0,INDEX(Fire!A7:BJ7,1,11+Decay!K6)-Decay!K6) | L6: =MAX(0,INDEX(Fire!A7:BJ7,1,12+Decay!L6)-Decay!L6) | M6: =MAX(0,INDEX(Fire!A7:BJ7,1,13+Decay!M6)-Decay!M6) | N6: =MAX(0,INDEX(Fire!A7:BJ7,1,14+Decay!N6)-Decay!N6) | O6: =MAX(0,INDEX(Fire!A7:BJ7,1,15+Decay!O6)-Decay!O6) | P6: =MAX(0,INDEX(Fire!A7:BJ7,1,16+Decay!P6)-Decay!P6) | Q6: =MAX(0,INDEX(Fire!A7:BJ7,1,17+Decay!Q6)-Decay!Q6) | R6: =MAX(0,INDEX(Fire!A7:BJ7,1,18+Decay!R6)-Decay!R6) | S6: =MAX(0,INDEX(Fire!A7:BJ7,1,19+Decay!S6)-Decay!S6) | T6: =MAX(0,INDEX(Fire!A7:BJ7,1,20+Decay!T6)-Decay!T6) | U6: =MAX(0,INDEX(Fire!A7:BJ7,1,21+Decay!U6)-Decay!U6) | V6: =MAX(0,INDEX(Fire!A7:BJ7,1,22+Decay!V6)-Decay!V6) | W6: =MAX(0,INDEX(Fire!A7:BJ7,1,23+Decay!W6)-Decay!W6) | X6: =MAX(0,INDEX(Fire!A7:BJ7,1,24+Decay!X6)-Decay!X6) | Y6: =MAX(0,INDEX(Fire!A7:BJ7,1,25+Decay!Y6)-Decay!Y6) | Z6: =MAX(0,INDEX(Fire!A7:BJ7,1,26+Decay!Z6)-Decay!Z6) | AA6: =MAX(0,INDEX(Fire!A7:BJ7,1,27+Decay!AA6)-Decay!AA6) | AB6: =MAX(0,INDEX(Fire!A7:BJ7,1,28+Decay!AB6)-Decay!AB6) | AC6: =MAX(0,INDEX(Fire!A7:BJ7,1,29+Decay!AC6)-Decay!AC6) | AD6: =MAX(0,INDEX(Fire!A7:BJ7,1,30+Decay!AD6)-Decay!AD6) | AE6: =MAX(0,INDEX(Fire!A7:BJ7,1,31+Decay!AE6)-Decay!AE6) | AF6: =MAX(0,INDEX(Fire!A7:BJ7,1,32+Decay!AF6)-Decay!AF6) | AG6: =MAX(0,INDEX(Fire!A7:BJ7,1,33+Decay!AG6)-Decay!AG6) | AH6: =MAX(0,INDEX(Fire!A7:BJ7,1,34+Decay!AH6)-Decay!AH6) | AI6: =MAX(0,INDEX(Fire!A7:BJ7,1,35+Decay!AI6)-Decay!AI6) | AJ6: =MAX(0,INDEX(Fire!A7:BJ7,1,36+Decay!AJ6)-Decay!AJ6) | AK6: =MAX(0,INDEX(Fire!A7:BJ7,1,37+Decay!AK6)-Decay!AK6) | AL6: =MAX(0,INDEX(Fire!A7:BJ7,1,38+Decay!AL6)-Decay!AL6) | AM6: =MAX(0,INDEX(Fire!A7:BJ7,1,39+Decay!AM6)-Decay!AM6) | AN6: =MAX(0,INDEX(Fire!A7:BJ7,1,40+Decay!AN6)-Decay!AN6) | AO6: =MAX(0,INDEX(Fire!A7:BJ7,1,41+Decay!AO6)-Decay!AO6) | AP6: =MAX(0,INDEX(Fire!A7:BJ7,1,42+Decay!AP6)-Decay!AP6) | AQ6: =MAX(0,INDEX(Fire!A7:BJ7,1,43+Decay!AQ6)-Decay!AQ6) | AR6: =MAX(0,INDEX(Fire!A7:BJ7,1,44+Decay!AR6)-Decay!AR6) | AS6: =MAX(0,INDEX(Fire!A7:BJ7,1,45+Decay!AS6)-Decay!AS6) | AT6: =MAX(0,INDEX(Fire!A7:BJ7,1,46+Decay!AT6)-Decay!AT6) | AU6: =MAX(0,INDEX(Fire!A7:BJ7,1,47+Decay!AU6)-Decay!AU6) | AV6: =MAX(0,INDEX(Fire!A7:BJ7,1,48+Decay!AV6)-Decay!AV6) | AW6: =MAX(0,INDEX(Fire!A7:BJ7,1,49+Decay!AW6)-Decay!AW6) | AX6: =MAX(0,INDEX(Fire!A7:BJ7,1,50+Decay!AX6)-Decay!AX6) | AY6: =MAX(0,INDEX(Fire!A7:BJ7,1,51+Decay!AY6)-Decay!AY6) | AZ6: =MAX(0,INDEX(Fire!A7:BJ7,1,52+Decay!AZ6)-Decay!AZ6) | BA6: =MAX(0,INDEX(Fire!A7:BJ7,1,53+Decay!BA6)-Decay!BA6) | BB6: =MAX(0,INDEX(Fire!A7:BJ7,1,54+Decay!BB6)-Decay!BB6) | BC6: =MAX(0,INDEX(Fire!A7:BJ7,1,55+Decay!BC6)-Decay!BC6) | BD6: =MAX(0,INDEX(Fire!A7:BJ7,1,56+Decay!BD6)-Decay!BD6) | BE6: =MAX(0,INDEX(Fire!A7:BJ7,1,57+Decay!BE6)-Decay!BE6) | BF6: =MAX(0,INDEX(Fire!A7:BJ7,1,58+Decay!BF6)-Decay!BF6) | BG6: =MAX(0,INDEX(Fire!A7:BJ7,1,59+Decay!BG6)-Decay!BG6) | BH6: =MAX(0,INDEX(Fire!A7:BJ7,1,60+Decay!BH6)-Decay!BH6) | BI6: 0 | BJ6: 0
A7: =MAX(0,INDEX(Fire!A8:BJ8,1,1+Decay!A7)-Decay!A7) | B7: =MAX(0,INDEX(Fire!A8:BJ8,1,2+Decay!B7)-Decay!B7) | C7: =MAX(0,INDEX(Fire!A8:BJ8,1,3+Decay!C7)-Decay!C7) | D7: =MAX(0,INDEX(Fire!A8:BJ8,1,4+Decay!D7)-Decay!D7) | E7: =MAX(0,INDEX(Fire!A8:BJ8,1,5+Decay!E7)-Decay!E7) | F7: =MAX(0,INDEX(Fire!A8:BJ8,1,6+Decay!F7)-Decay!F7) | G7: =MAX(0,INDEX(Fire!A8:BJ8,1,7+Decay!G7)-Decay!G7) | H7: =MAX(0,INDEX(Fire!A8:BJ8,1,8+Decay!H7)-Decay!H7) | I7: =MAX(0,INDEX(Fire!A8:BJ8,1,9+Decay!I7)-Decay!I7) | J7: =MAX(0,INDEX(Fire!A8:BJ8,1,10+Decay!J7)-Decay!J7) | K7: =MAX(0,INDEX(Fire!A8:BJ8,1,11+Decay!K7)-Decay!K7) | L7: =MAX(0,INDEX(Fire!A8:BJ8,1,12+Decay!L7)-Decay!L7) | M7: =MAX(0,INDEX(Fire!A8:BJ8,1,13+Decay!M7)-Decay!M7) | N7: =MAX(0,INDEX(Fire!A8:BJ8,1,14+Decay!N7)-Decay!N7) | O7: =MAX(0,INDEX(Fire!A8:BJ8,1,15+Decay!O7)-Decay!O7) | P7: =MAX(0,INDEX(Fire!A8:BJ8,1,16+Decay!P7)-Decay!P7) | Q7: =MAX(0,INDEX(Fire!A8:BJ8,1,17+Decay!Q7)-Decay!Q7) | R7: =MAX(0,INDEX(Fire!A8:BJ8,1,18+Decay!R7)-Decay!R7) | S7: =MAX(0,INDEX(Fire!A8:BJ8,1,19+Decay!S7)-Decay!S7) | T7: =MAX(0,INDEX(Fire!A8:BJ8,1,20+Decay!T7)-Decay!T7) | U7: =MAX(0,INDEX(Fire!A8:BJ8,1,21+Decay!U7)-Decay!U7) | V7: =MAX(0,INDEX(Fire!A8:BJ8,1,22+Decay!V7)-Decay!V7) | W7: =MAX(0,INDEX(Fire!A8:BJ8,1,23+Decay!W7)-Decay!W7) | X7: =MAX(0,INDEX(Fire!A8:BJ8,1,24+Decay!X7)-Decay!X7) | Y7: =MAX(0,INDEX(Fire!A8:BJ8,1,25+Decay!Y7)-Decay!Y7) | Z7: =MAX(0,INDEX(Fire!A8:BJ8,1,26+Decay!Z7)-Decay!Z7) | AA7: =MAX(0,INDEX(Fire!A8:BJ8,1,27+Decay!AA7)-Decay!AA7) | AB7: =MAX(0,INDEX(Fire!A8:BJ8,1,28+Decay!AB7)-Decay!AB7) | AC7: =MAX(0,INDEX(Fire!A8:BJ8,1,29+Decay!AC7)-Decay!AC7) | AD7: =MAX(0,INDEX(Fire!A8:BJ8,1,30+Decay!AD7)-Decay!AD7) | AE7: =MAX(0,INDEX(Fire!A8:BJ8,1,31+Decay!AE7)-Decay!AE7) | AF7: =MAX(0,INDEX(Fire!A8:BJ8,1,32+Decay!AF7)-Decay!AF7) | AG7: =MAX(0,INDEX(Fire!A8:BJ8,1,33+Decay!AG7)-Decay!AG7) | AH7: =MAX(0,INDEX(Fire!A8:BJ8,1,34+Decay!AH7)-Decay!AH7) | AI7: =MAX(0,INDEX(Fire!A8:BJ8,1,35+Decay!AI7)-Decay!AI7) | AJ7: =MAX(0,INDEX(Fire!A8:BJ8,1,36+Decay!AJ7)-Decay!AJ7) | AK7: =MAX(0,INDEX(Fire!A8:BJ8,1,37+Decay!AK7)-Decay!AK7) | AL7: =MAX(0,INDEX(Fire!A8:BJ8,1,38+Decay!AL7)-Decay!AL7) | AM7: =MAX(0,INDEX(Fire!A8:BJ8,1,39+Decay!AM7)-Decay!AM7) | AN7: =MAX(0,INDEX(Fire!A8:BJ8,1,40+Decay!AN7)-Decay!AN7) | AO7: =MAX(0,INDEX(Fire!A8:BJ8,1,41+Decay!AO7)-Decay!AO7) | AP7: =MAX(0,INDEX(Fire!A8:BJ8,1,42+Decay!AP7)-Decay!AP7) | AQ7: =MAX(0,INDEX(Fire!A8:BJ8,1,43+Decay!AQ7)-Decay!AQ7) | AR7: =MAX(0,INDEX(Fire!A8:BJ8,1,44+Decay!AR7)-Decay!AR7) | AS7: =MAX(0,INDEX(Fire!A8:BJ8,1,45+Decay!AS7)-Decay!AS7) | AT7: =MAX(0,INDEX(Fire!A8:BJ8,1,46+Decay!AT7)-Decay!AT7) | AU7: =MAX(0,INDEX(Fire!A8:BJ8,1,47+Decay!AU7)-Decay!AU7) | AV7: =MAX(0,INDEX(Fire!A8:BJ8,1,48+Decay!AV7)-Decay!AV7) | AW7: =MAX(0,INDEX(Fire!A8:BJ8,1,49+Decay!AW7)-Decay!AW7) | AX7: =MAX(0,INDEX(Fire!A8:BJ8,1,50+Decay!AX7)-Decay!AX7) | AY7: =MAX(0,INDEX(Fire!A8:BJ8,1,51+Decay!AY7)-Decay!AY7) | AZ7: =MAX(0,INDEX(Fire!A8:BJ8,1,52+Decay!AZ7)-Decay!AZ7) | BA7: =MAX(0,INDEX(Fire!A8:BJ8,1,53+Decay!BA7)-Decay!BA7) | BB7: =MAX(0,INDEX(Fire!A8:BJ8,1,54+Decay!BB7)-Decay!BB7) | BC7: =MAX(0,INDEX(Fire!A8:BJ8,1,55+Decay!BC7)-Decay!BC7) | BD7: =MAX(0,INDEX(Fire!A8:BJ8,1,56+Decay!BD7)-Decay!BD7) | BE7: =MAX(0,INDEX(Fire!A8:BJ8,1,57+Decay!BE7)-Decay!BE7) | BF7: =MAX(0,INDEX(Fire!A8:BJ8,1,58+Decay!BF7)-Decay!BF7) | BG7: =MAX(0,INDEX(Fire!A8:BJ8,1,59+Decay!BG7)-Decay!BG7) | BH7: =MAX(0,INDEX(Fire!A8:BJ8,1,60+Decay!BH7)-Decay!BH7) | BI7: 0 | BJ7: 0
A8: =MAX(0,INDEX(Fire!A9:BJ9,1,1+Decay!A8)-Decay!A8) | B8: =MAX(0,INDEX(Fire!A9:BJ9,1,2+Decay!B8)-Decay!B8) | C8: =MAX(0,INDEX(Fire!A9:BJ9,1,3+Decay!C8)-Decay!C8) | D8: =MAX(0,INDEX(Fire!A9:BJ9,1,4+Decay!D8)-Decay!D8) | E8: =MAX(0,INDEX(Fire!A9:BJ9,1,5+Decay!E8)-Decay!E8) | F8: =MAX(0,INDEX(Fire!A9:BJ9,1,6+Decay!F8)-Decay!F8) | G8: =MAX(0,INDEX(Fire!A9:BJ9,1,7+Decay!G8)-Decay!G8) | H8: =MAX(0,INDEX(Fire!A9:BJ9,1,8+Decay!H8)-Decay!H8) | I8: =MAX(0,INDEX(Fire!A9:BJ9,1,9+Decay!I8)-Decay!I8) | J8: =MAX(0,INDEX(Fire!A9:BJ9,1,10+Decay!J8)-Decay!J8) | K8: =MAX(0,INDEX(Fire!A9:BJ9,1,11+Decay!K8)-Decay!K8) | L8: =MAX(0,INDEX(Fire!A9:BJ9,1,12+Decay!L8)-Decay!L8) | M8: =MAX(0,INDEX(Fire!A9:BJ9,1,13+Decay!M8)-Decay!M8) | N8: =MAX(0,INDEX(Fire!A9:BJ9,1,14+Decay!N8)-Decay!N8) | O8: =MAX(0,INDEX(Fire!A9:BJ9,1,15+Decay!O8)-Decay!O8) | P8: =MAX(0,INDEX(Fire!A9:BJ9,1,16+Decay!P8)-Decay!P8) | Q8: =MAX(0,INDEX(Fire!A9:BJ9,1,17+Decay!Q8)-Decay!Q8) | R8: =MAX(0,INDEX(Fire!A9:BJ9,1,18+Decay!R8)-Decay!R8) | S8: =MAX(0,INDEX(Fire!A9:BJ9,1,19+Decay!S8)-Decay!S8) | T8: =MAX(0,INDEX(Fire!A9:BJ9,1,20+Decay!T8)-Decay!T8) | U8: =MAX(0,INDEX(Fire!A9:BJ9,1,21+Decay!U8)-Decay!U8) | V8: =MAX(0,INDEX(Fire!A9:BJ9,1,22+Decay!V8)-Decay!V8) | W8: =MAX(0,INDEX(Fire!A9:BJ9,1,23+Decay!W8)-Decay!W8) | X8: =MAX(0,INDEX(Fire!A9:BJ9,1,24+Decay!X8)-Decay!X8) | Y8: =MAX(0,INDEX(Fire!A9:BJ9,1,25+Decay!Y8)-Decay!Y8) | Z8: =MAX(0,INDEX(Fire!A9:BJ9,1,26+Decay!Z8)-Decay!Z8) | AA8: =MAX(0,INDEX(Fire!A9:BJ9,1,27+Decay!AA8)-Decay!AA8) | AB8: =MAX(0,INDEX(Fire!A9:BJ9,1,28+Decay!AB8)-Decay!AB8) | AC8: =MAX(0,INDEX(Fire!A9:BJ9,1,29+Decay!AC8)-Decay!AC8) | AD8: =MAX(0,INDEX(Fire!A9:BJ9,1,30+Decay!AD8)-Decay!AD8) | AE8: =MAX(0,INDEX(Fire!A9:BJ9,1,31+Decay!AE8)-Decay!AE8) | AF8: =MAX(0,INDEX(Fire!A9:BJ9,1,32+Decay!AF8)-Decay!AF8) | AG8: =MAX(0,INDEX(Fire!A9:BJ9,1,33+Decay!AG8)-Decay!AG8) | AH8: =MAX(0,INDEX(Fire!A9:BJ9,1,34+Decay!AH8)-Decay!AH8) | AI8: =MAX(0,INDEX(Fire!A9:BJ9,1,35+Decay!AI8)-Decay!AI8) | AJ8: =MAX(0,INDEX(Fire!A9:BJ9,1,36+Decay!AJ8)-Decay!AJ8) | AK8: =MAX(0,INDEX(Fire!A9:BJ9,1,37+Decay!AK8)-Decay!AK8) | AL8: =MAX(0,INDEX(Fire!A9:BJ9,1,38+Decay!AL8)-Decay!AL8) | AM8: =MAX(0,INDEX(Fire!A9:BJ9,1,39+Decay!AM8)-Decay!AM8) | AN8: =MAX(0,INDEX(Fire!A9:BJ9,1,40+Decay!AN8)-Decay!AN8) | AO8: =MAX(0,INDEX(Fire!A9:BJ9,1,41+Decay!AO8)-Decay!AO8) | AP8: =MAX(0,INDEX(Fire!A9:BJ9,1,42+Decay!AP8)-Decay!AP8) | AQ8: =MAX(0,INDEX(Fire!A9:BJ9,1,43+Decay!AQ8)-Decay!AQ8) | AR8: =MAX(0,INDEX(Fire!A9:BJ9,1,44+Decay!AR8)-Decay!AR8) | AS8: =MAX(0,INDEX(Fire!A9:BJ9,1,45+Decay!AS8)-Decay!AS8) | AT8: =MAX(0,INDEX(Fire!A9:BJ9,1,46+Decay!AT8)-Decay!AT8) | AU8: =MAX(0,INDEX(Fire!A9:BJ9,1,47+Decay!AU8)-Decay!AU8) | AV8: =MAX(0,INDEX(Fire!A9:BJ9,1,48+Decay!AV8)-Decay!AV8) | AW8: =MAX(0,INDEX(Fire!A9:BJ9,1,49+Decay!AW8)-Decay!AW8) | AX8: =MAX(0,INDEX(Fire!A9:BJ9,1,50+Decay!AX8)-Decay!AX8) | AY8: =MAX(0,INDEX(Fire!A9:BJ9,1,51+Decay!AY8)-Decay!AY8) | AZ8: =MAX(0,INDEX(Fire!A9:BJ9,1,52+Decay!AZ8)-Decay!AZ8) | BA8: =MAX(0,INDEX(Fire!A9:BJ9,1,53+Decay!BA8)-Decay!BA8) | BB8: =MAX(0,INDEX(Fire!A9:BJ9,1,54+Decay!BB8)-Decay!BB8) | BC8: =MAX(0,INDEX(Fire!A9:BJ9,1,55+Decay!BC8)-Decay!BC8) | BD8: =MAX(0,INDEX(Fire!A9:BJ9,1,56+Decay!BD8)-Decay!BD8) | BE8: =MAX(0,INDEX(Fire!A9:BJ9,1,57+Decay!BE8)-Decay!BE8) | BF8: =MAX(0,INDEX(Fire!A9:BJ9,1,58+Decay!BF8)-Decay!BF8) | BG8: =MAX(0,INDEX(Fire!A9:BJ9,1,59+Decay!BG8)-Decay!BG8) | BH8: =MAX(0,INDEX(Fire!A9:BJ9,1,60+Decay!BH8)-Decay!BH8) | BI8: 0 | BJ8: 0
A9: =MAX(0,INDEX(Fire!A10:BJ10,1,1+Decay!A9)-Decay!A9) | B9: =MAX(0,INDEX(Fire!A10:BJ10,1,2+Decay!B9)-Decay!B9) | C9: =MAX(0,INDEX(Fire!A10:BJ10,1,3+Decay!C9)-Decay!C9) | D9: =MAX(0,INDEX(Fire!A10:BJ10,1,4+Decay!D9)-Decay!D9) | E9: =MAX(0,INDEX(Fire!A10:BJ10,1,5+Decay!E9)-Decay!E9) | F9: =MAX(0,INDEX(Fire!A10:BJ10,1,6+Decay!F9)-Decay!F9) | G9: =MAX(0,INDEX(Fire!A10:BJ10,1,7+Decay!G9)-Decay!G9) | H9: =MAX(0,INDEX(Fire!A10:BJ10,1,8+Decay!H9)-Decay!H9) | I9: =MAX(0,INDEX(Fire!A10:BJ10,1,9+Decay!I9)-Decay!I9) | J9: =MAX(0,INDEX(Fire!A10:BJ10,1,10+Decay!J9)-Decay!J9) | K9: =MAX(0,INDEX(Fire!A10:BJ10,1,11+Decay!K9)-Decay!K9) | L9: =MAX(0,INDEX(Fire!A10:BJ10,1,12+Decay!L9)-Decay!L9) | M9: =MAX(0,INDEX(Fire!A10:BJ10,1,13+Decay!M9)-Decay!M9) | N9: =MAX(0,INDEX(Fire!A10:BJ10,1,14+Decay!N9)-Decay!N9) | O9: =MAX(0,INDEX(Fire!A10:BJ10,1,15+Decay!O9)-Decay!O9) | P9: =MAX(0,INDEX(Fire!A10:BJ10,1,16+Decay!P9)-Decay!P9) | Q9: =MAX(0,INDEX(Fire!A10:BJ10,1,17+Decay!Q9)-Decay!Q9) | R9: =MAX(0,INDEX(Fire!A10:BJ10,1,18+Decay!R9)-Decay!R9) | S9: =MAX(0,INDEX(Fire!A10:BJ10,1,19+Decay!S9)-Decay!S9) | T9: =MAX(0,INDEX(Fire!A10:BJ10,1,20+Decay!T9)-Decay!T9) | U9: =MAX(0,INDEX(Fire!A10:BJ10,1,21+Decay!U9)-Decay!U9) | V9: =MAX(0,INDEX(Fire!A10:BJ10,1,22+Decay!V9)-Decay!V9) | W9: =MAX(0,INDEX(Fire!A10:BJ10,1,23+Decay!W9)-Decay!W9) | X9: =MAX(0,INDEX(Fire!A10:BJ10,1,24+Decay!X9)-Decay!X9) | Y9: =MAX(0,INDEX(Fire!A10:BJ10,1,25+Decay!Y9)-Decay!Y9) | Z9: =MAX(0,INDEX(Fire!A10:BJ10,1,26+Decay!Z9)-Decay!Z9) | AA9: =MAX(0,INDEX(Fire!A10:BJ10,1,27+Decay!AA9)-Decay!AA9) | AB9: =MAX(0,INDEX(Fire!A10:BJ10,1,28+Decay!AB9)-Decay!AB9) | AC9: =MAX(0,INDEX(Fire!A10:BJ10,1,29+Decay!AC9)-Decay!AC9) | AD9: =MAX(0,INDEX(Fire!A10:BJ10,1,30+Decay!AD9)-Decay!AD9) | AE9: =MAX(0,INDEX(Fire!A10:BJ10,1,31+Decay!AE9)-Decay!AE9) | AF9: =MAX(0,INDEX(Fire!A10:BJ10,1,32+Decay!AF9)-Decay!AF9) | AG9: =MAX(0,INDEX(Fire!A10:BJ10,1,33+Decay!AG9)-Decay!AG9) | AH9: =MAX(0,INDEX(Fire!A10:BJ10,1,34+Decay!AH9)-Decay!AH9) | AI9: =MAX(0,INDEX(Fire!A10:BJ10,1,35+Decay!AI9)-Decay!AI9) | AJ9: =MAX(0,INDEX(Fire!A10:BJ10,1,36+Decay!AJ9)-Decay!AJ9) | AK9: =MAX(0,INDEX(Fire!A10:BJ10,1,37+Decay!AK9)-Decay!AK9) | AL9: =MAX(0,INDEX(Fire!A10:BJ10,1,38+Decay!AL9)-Decay!AL9) | AM9: =MAX(0,INDEX(Fire!A10:BJ10,1,39+Decay!AM9)-Decay!AM9) | AN9: =MAX(0,INDEX(Fire!A10:BJ10,1,40+Decay!AN9)-Decay!AN9) | AO9: =MAX(0,INDEX(Fire!A10:BJ10,1,41+Decay!AO9)-Decay!AO9) | AP9: =MAX(0,INDEX(Fire!A10:BJ10,1,42+Decay!AP9)-Decay!AP9) | AQ9: =MAX(0,INDEX(Fire!A10:BJ10,1,43+Decay!AQ9)-Decay!AQ9) | AR9: =MAX(0,INDEX(Fire!A10:BJ10,1,44+Decay!AR9)-Decay!AR9) | AS9: =MAX(0,INDEX(Fire!A10:BJ10,1,45+Decay!AS9)-Decay!AS9) | AT9: =MAX(0,INDEX(Fire!A10:BJ10,1,46+Decay!AT9)-Decay!AT9) | AU9: =MAX(0,INDEX(Fire!A10:BJ10,1,47+Decay!AU9)-Decay!AU9) | AV9: =MAX(0,INDEX(Fire!A10:BJ10,1,48+Decay!AV9)-Decay!AV9) | AW9: =MAX(0,INDEX(Fire!A10:BJ10,1,49+Decay!AW9)-Decay!AW9) | AX9: =MAX(0,INDEX(Fire!A10:BJ10,1,50+Decay!AX9)-Decay!AX9) | AY9: =MAX(0,INDEX(Fire!A10:BJ10,1,51+Decay!AY9)-Decay!AY9) | AZ9: =MAX(0,INDEX(Fire!A10:BJ10,1,52+Decay!AZ9)-Decay!AZ9) | BA9: =MAX(0,INDEX(Fire!A10:BJ10,1,53+Decay!BA9)-Decay!BA9) | BB9: =MAX(0,INDEX(Fire!A10:BJ10,1,54+Decay!BB9)-Decay!BB9) | BC9: =MAX(0,INDEX(Fire!A10:BJ10,1,55+Decay!BC9)-Decay!BC9) | BD9: =MAX(0,INDEX(Fire!A10:BJ10,1,56+Decay!BD9)-Decay!BD9) | BE9: =MAX(0,INDEX(Fire!A10:BJ10,1,57+Decay!BE9)-Decay!BE9) | BF9: =MAX(0,INDEX(Fire!A10:BJ10,1,58+Decay!BF9)-Decay!BF9) | BG9: =MAX(0,INDEX(Fire!A10:BJ10,1,59+Decay!BG9)-Decay!BG9) | BH9: =MAX(0,INDEX(Fire!A10:BJ10,1,60+Decay!BH9)-Decay!BH9) | BI9: 0 | BJ9: 0
A10: =MAX(0,INDEX(Fire!A11:BJ11,1,1+Decay!A10)-Decay!A10) | B10: =MAX(0,INDEX(Fire!A11:BJ11,1,2+Decay!B10)-Decay!B10) | C10: =MAX(0,INDEX(Fire!A11:BJ11,1,3+Decay!C10)-Decay!C10) | D10: =MAX(0,INDEX(Fire!A11:BJ11,1,4+Decay!D10)-Decay!D10) | E10: =MAX(0,INDEX(Fire!A11:BJ11,1,5+Decay!E10)-Decay!E10) | F10: =MAX(0,INDEX(Fire!A11:BJ11,1,6+Decay!F10)-Decay!F10) | G10: =MAX(0,INDEX(Fire!A11:BJ11,1,7+Decay!G10)-Decay!G10) | H10: =MAX(0,INDEX(Fire!A11:BJ11,1,8+Decay!H10)-Decay!H10) | I10: =MAX(0,INDEX(Fire!A11:BJ11,1,9+Decay!I10)-Decay!I10) | J10: =MAX(0,INDEX(Fire!A11:BJ11,1,10+Decay!J10)-Decay!J10) | K10: =MAX(0,INDEX(Fire!A11:BJ11,1,11+Decay!K10)-Decay!K10) | L10: =MAX(0,INDEX(Fire!A11:BJ11,1,12+Decay!L10)-Decay!L10) | M10: =MAX(0,INDEX(Fire!A11:BJ11,1,13+Decay!M10)-Decay!M10) | N10: =MAX(0,INDEX(Fire!A11:BJ11,1,14+Decay!N10)-Decay!N10) | O10: =MAX(0,INDEX(Fire!A11:BJ11,1,15+Decay!O10)-Decay!O10) | P10: =MAX(0,INDEX(Fire!A11:BJ11,1,16+Decay!P10)-Decay!P10) | Q10: =MAX(0,INDEX(Fire!A11:BJ11,1,17+Decay!Q10)-Decay!Q10) | R10: =MAX(0,INDEX(Fire!A11:BJ11,1,18+Decay!R10)-Decay!R10) | S10: =MAX(0,INDEX(Fire!A11:BJ11,1,19+Decay!S10)-Decay!S10) | T10: =MAX(0,INDEX(Fire!A11:BJ11,1,20+Decay!T10)-Decay!T10) | U10: =MAX(0,INDEX(Fire!A11:BJ11,1,21+Decay!U10)-Decay!U10) | V10: =MAX(0,INDEX(Fire!A11:BJ11,1,22+Decay!V10)-Decay!V10) | W10: =MAX(0,INDEX(Fire!A11:BJ11,1,23+Decay!W10)-Decay!W10) | X10: =MAX(0,INDEX(Fire!A11:BJ11,1,24+Decay!X10)-Decay!X10) | Y10: =MAX(0,INDEX(Fire!A11:BJ11,1,25+Decay!Y10)-Decay!Y10) | Z10: =MAX(0,INDEX(Fire!A11:BJ11,1,26+Decay!Z10)-Decay!Z10) | AA10: =MAX(0,INDEX(Fire!A11:BJ11,1,27+Decay!AA10)-Decay!AA10) | AB10: =MAX(0,INDEX(Fire!A11:BJ11,1,28+Decay!AB10)-Decay!AB10) | AC10: =MAX(0,INDEX(Fire!A11:BJ11,1,29+Decay!AC10)-Decay!AC10) | AD10: =MAX(0,INDEX(Fire!A11:BJ11,1,30+Decay!AD10)-Decay!AD10) | AE10: =MAX(0,INDEX(Fire!A11:BJ11,1,31+Decay!AE10)-Decay!AE10) | AF10: =MAX(0,INDEX(Fire!A11:BJ11,1,32+Decay!AF10)-Decay!AF10) | AG10: =MAX(0,INDEX(Fire!A11:BJ11,1,33+Decay!AG10)-Decay!AG10) | AH10: =MAX(0,INDEX(Fire!A11:BJ11,1,34+Decay!AH10)-Decay!AH10) | AI10: =MAX(0,INDEX(Fire!A11:BJ11,1,35+Decay!AI10)-Decay!AI10) | AJ10: =MAX(0,INDEX(Fire!A11:BJ11,1,36+Decay!AJ10)-Decay!AJ10) | AK10: =MAX(0,INDEX(Fire!A11:BJ11,1,37+Decay!AK10)-Decay!AK10) | AL10: =MAX(0,INDEX(Fire!A11:BJ11,1,38+Decay!AL10)-Decay!AL10) | AM10: =MAX(0,INDEX(Fire!A11:BJ11,1,39+Decay!AM10)-Decay!AM10) | AN10: =MAX(0,INDEX(Fire!A11:BJ11,1,40+Decay!AN10)-Decay!AN10) | AO10: =MAX(0,INDEX(Fire!A11:BJ11,1,41+Decay!AO10)-Decay!AO10) | AP10: =MAX(0,INDEX(Fire!A11:BJ11,1,42+Decay!AP10)-Decay!AP10) | AQ10: =MAX(0,INDEX(Fire!A11:BJ11,1,43+Decay!AQ10)-Decay!AQ10) | AR10: =MAX(0,INDEX(Fire!A11:BJ11,1,44+Decay!AR10)-Decay!AR10) | AS10: =MAX(0,INDEX(Fire!A11:BJ11,1,45+Decay!AS10)-Decay!AS10) | AT10: =MAX(0,INDEX(Fire!A11:BJ11,1,46+Decay!AT10)-Decay!AT10) | AU10: =MAX(0,INDEX(Fire!A11:BJ11,1,47+Decay!AU10)-Decay!AU10) | AV10: =MAX(0,INDEX(Fire!A11:BJ11,1,48+Decay!AV10)-Decay!AV10) | AW10: =MAX(0,INDEX(Fire!A11:BJ11,1,49+Decay!AW10)-Decay!AW10) | AX10: =MAX(0,INDEX(Fire!A11:BJ11,1,50+Decay!AX10)-Decay!AX10) | AY10: =MAX(0,INDEX(Fire!A11:BJ11,1,51+Decay!AY10)-Decay!AY10) | AZ10: =MAX(0,INDEX(Fire!A11:BJ11,1,52+Decay!AZ10)-Decay!AZ10) | BA10: =MAX(0,INDEX(Fire!A11:BJ11,1,53+Decay!BA10)-Decay!BA10) | BB10: =MAX(0,INDEX(Fire!A11:BJ11,1,54+Decay!BB10)-Decay!BB10) | BC10: =MAX(0,INDEX(Fire!A11:BJ11,1,55+Decay!BC10)-Decay!BC10) | BD10: =MAX(0,INDEX(Fire!A11:BJ11,1,56+Decay!BD10)-Decay!BD10) | BE10: =MAX(0,INDEX(Fire!A11:BJ11,1,57+Decay!BE10)-Decay!BE10) | BF10: =MAX(0,INDEX(Fire!A11:BJ11,1,58+Decay!BF10)-Decay!BF10) | BG10: =MAX(0,INDEX(Fire!A11:BJ11,1,59+Decay!BG10)-Decay!BG10) | BH10: =MAX(0,INDEX(Fire!A11:BJ11,1,60+Decay!BH10)-Decay!BH10) | BI10: 0 | BJ10: 0
A11: =MAX(0,INDEX(Fire!A12:BJ12,1,1+Decay!A11)-Decay!A11) | B11: =MAX(0,INDEX(Fire!A12:BJ12,1,2+Decay!B11)-Decay!B11) | C11: =MAX(0,INDEX(Fire!A12:BJ12,1,3+Decay!C11)-Decay!C11) | D11: =MAX(0,INDEX(Fire!A12:BJ12,1,4+Decay!D11)-Decay!D11) | E11: =MAX(0,INDEX(Fire!A12:BJ12,1,5+Decay!E11)-Decay!E11) | F11: =MAX(0,INDEX(Fire!A12:BJ12,1,6+Decay!F11)-Decay!F11) | G11: =MAX(0,INDEX(Fire!A12:BJ12,1,7+Decay!G11)-Decay!G11) | H11: =MAX(0,INDEX(Fire!A12:BJ12,1,8+Decay!H11)-Decay!H11) | I11: =MAX(0,INDEX(Fire!A12:BJ12,1,9+Decay!I11)-Decay!I11) | J11: =MAX(0,INDEX(Fire!A12:BJ12,1,10+Decay!J11)-Decay!J11) | K11: =MAX(0,INDEX(Fire!A12:BJ12,1,11+Decay!K11)-Decay!K11) | L11: =MAX(0,INDEX(Fire!A12:BJ12,1,12+Decay!L11)-Decay!L11) | M11: =MAX(0,INDEX(Fire!A12:BJ12,1,13+Decay!M11)-Decay!M11) | N11: =MAX(0,INDEX(Fire!A12:BJ12,1,14+Decay!N11)-Decay!N11) | O11: =MAX(0,INDEX(Fire!A12:BJ12,1,15+Decay!O11)-Decay!O11) | P11: =MAX(0,INDEX(Fire!A12:BJ12,1,16+Decay!P11)-Decay!P11) | Q11: =MAX(0,INDEX(Fire!A12:BJ12,1,17+Decay!Q11)-Decay!Q11) | R11: =MAX(0,INDEX(Fire!A12:BJ12,1,18+Decay!R11)-Decay!R11) | S11: =MAX(0,INDEX(Fire!A12:BJ12,1,19+Decay!S11)-Decay!S11) | T11: =MAX(0,INDEX(Fire!A12:BJ12,1,20+Decay!T11)-Decay!T11) | U11: =MAX(0,INDEX(Fire!A12:BJ12,1,21+Decay!U11)-Decay!U11) | V11: =MAX(0,INDEX(Fire!A12:BJ12,1,22+Decay!V11)-Decay!V11) | W11: =MAX(0,INDEX(Fire!A12:BJ12,1,23+Decay!W11)-Decay!W11) | X11: =MAX(0,INDEX(Fire!A12:BJ12,1,24+Decay!X11)-Decay!X11) | Y11: =MAX(0,INDEX(Fire!A12:BJ12,1,25+Decay!Y11)-Decay!Y11) | Z11: =MAX(0,INDEX(Fire!A12:BJ12,1,26+Decay!Z11)-Decay!Z11) | AA11: =MAX(0,INDEX(Fire!A12:BJ12,1,27+Decay!AA11)-Decay!AA11) | AB11: =MAX(0,INDEX(Fire!A12:BJ12,1,28+Decay!AB11)-Decay!AB11) | AC11: =MAX(0,INDEX(Fire!A12:BJ12,1,29+Decay!AC11)-Decay!AC11) | AD11: =MAX(0,INDEX(Fire!A12:BJ12,1,30+Decay!AD11)-Decay!AD11) | AE11: =MAX(0,INDEX(Fire!A12:BJ12,1,31+Decay!AE11)-Decay!AE11) | AF11: =MAX(0,INDEX(Fire!A12:BJ12,1,32+Decay!AF11)-Decay!AF11) | AG11: =MAX(0,INDEX(Fire!A12:BJ12,1,33+Decay!AG11)-Decay!AG11) | AH11: =MAX(0,INDEX(Fire!A12:BJ12,1,34+Decay!AH11)-Decay!AH11) | AI11: =MAX(0,INDEX(Fire!A12:BJ12,1,35+Decay!AI11)-Decay!AI11) | AJ11: =MAX(0,INDEX(Fire!A12:BJ12,1,36+Decay!AJ11)-Decay!AJ11) | AK11: =MAX(0,INDEX(Fire!A12:BJ12,1,37+Decay!AK11)-Decay!AK11) | AL11: =MAX(0,INDEX(Fire!A12:BJ12,1,38+Decay!AL11)-Decay!AL11) | AM11: =MAX(0,INDEX(Fire!A12:BJ12,1,39+Decay!AM11)-Decay!AM11) | AN11: =MAX(0,INDEX(Fire!A12:BJ12,1,40+Decay!AN11)-Decay!AN11) | AO11: =MAX(0,INDEX(Fire!A12:BJ12,1,41+Decay!AO11)-Decay!AO11) | AP11: =MAX(0,INDEX(Fire!A12:BJ12,1,42+Decay!AP11)-Decay!AP11) | AQ11: =MAX(0,INDEX(Fire!A12:BJ12,1,43+Decay!AQ11)-Decay!AQ11) | AR11: =MAX(0,INDEX(Fire!A12:BJ12,1,44+Decay!AR11)-Decay!AR11) | AS11: =MAX(0,INDEX(Fire!A12:BJ12,1,45+Decay!AS11)-Decay!AS11) | AT11: =MAX(0,INDEX(Fire!A12:BJ12,1,46+Decay!AT11)-Decay!AT11) | AU11: =MAX(0,INDEX(Fire!A12:BJ12,1,47+Decay!AU11)-Decay!AU11) | AV11: =MAX(0,INDEX(Fire!A12:BJ12,1,48+Decay!AV11)-Decay!AV11) | AW11: =MAX(0,INDEX(Fire!A12:BJ12,1,49+Decay!AW11)-Decay!AW11) | AX11: =MAX(0,INDEX(Fire!A12:BJ12,1,50+Decay!AX11)-Decay!AX11) | AY11: =MAX(0,INDEX(Fire!A12:BJ12,1,51+Decay!AY11)-Decay!AY11) | AZ11: =MAX(0,INDEX(Fire!A12:BJ12,1,52+Decay!AZ11)-Decay!AZ11) | BA11: =MAX(0,INDEX(Fire!A12:BJ12,1,53+Decay!BA11)-Decay!BA11) | BB11: =MAX(0,INDEX(Fire!A12:BJ12,1,54+Decay!BB11)-Decay!BB11) | BC11: =MAX(0,INDEX(Fire!A12:BJ12,1,55+Decay!BC11)-Decay!BC11) | BD11: =MAX(0,INDEX(Fire!A12:BJ12,1,56+Decay!BD11)-Decay!BD11) | BE11: =MAX(0,INDEX(Fire!A12:BJ12,1,57+Decay!BE11)-Decay!BE11) | BF11: =MAX(0,INDEX(Fire!A12:BJ12,1,58+Decay!BF11)-Decay!BF11) | BG11: =MAX(0,INDEX(Fire!A12:BJ12,1,59+Decay!BG11)-Decay!BG11) | BH11: =MAX(0,INDEX(Fire!A12:BJ12,1,60+Decay!BH11)-Decay!BH11) | BI11: 0 | BJ11: 0
A12: =MAX(0,INDEX(Fire!A13:BJ13,1,1+Decay!A12)-Decay!A12) | B12: =MAX(0,INDEX(Fire!A13:BJ13,1,2+Decay!B12)-Decay!B12) | C12: =MAX(0,INDEX(Fire!A13:BJ13,1,3+Decay!C12)-Decay!C12) | D12: =MAX(0,INDEX(Fire!A13:BJ13,1,4+Decay!D12)-Decay!D12) | E12: =MAX(0,INDEX(Fire!A13:BJ13,1,5+Decay!E12)-Decay!E12) | F12: =MAX(0,INDEX(Fire!A13:BJ13,1,6+Decay!F12)-Decay!F12) | G12: =MAX(0,INDEX(Fire!A13:BJ13,1,7+Decay!G12)-Decay!G12) | H12: =MAX(0,INDEX(Fire!A13:BJ13,1,8+Decay!H12)-Decay!H12) | I12: =MAX(0,INDEX(Fire!A13:BJ13,1,9+Decay!I12)-Decay!I12) | J12: =MAX(0,INDEX(Fire!A13:BJ13,1,10+Decay!J12)-Decay!J12) | K12: =MAX(0,INDEX(Fire!A13:BJ13,1,11+Decay!K12)-Decay!K12) | L12: =MAX(0,INDEX(Fire!A13:BJ13,1,12+Decay!L12)-Decay!L12) | M12: =MAX(0,INDEX(Fire!A13:BJ13,1,13+Decay!M12)-Decay!M12) | N12: =MAX(0,INDEX(Fire!A13:BJ13,1,14+Decay!N12)-Decay!N12) | O12: =MAX(0,INDEX(Fire!A13:BJ13,1,15+Decay!O12)-Decay!O12) | P12: =MAX(0,INDEX(Fire!A13:BJ13,1,16+Decay!P12)-Decay!P12) | Q12: =MAX(0,INDEX(Fire!A13:BJ13,1,17+Decay!Q12)-Decay!Q12) | R12: =MAX(0,INDEX(Fire!A13:BJ13,1,18+Decay!R12)-Decay!R12) | S12: =MAX(0,INDEX(Fire!A13:BJ13,1,19+Decay!S12)-Decay!S12) | T12: =MAX(0,INDEX(Fire!A13:BJ13,1,20+Decay!T12)-Decay!T12) | U12: =MAX(0,INDEX(Fire!A13:BJ13,1,21+Decay!U12)-Decay!U12) | V12: =MAX(0,INDEX(Fire!A13:BJ13,1,22+Decay!V12)-Decay!V12) | W12: =MAX(0,INDEX(Fire!A13:BJ13,1,23+Decay!W12)-Decay!W12) | X12: =MAX(0,INDEX(Fire!A13:BJ13,1,24+Decay!X12)-Decay!X12) | Y12: =MAX(0,INDEX(Fire!A13:BJ13,1,25+Decay!Y12)-Decay!Y12) | Z12: =MAX(0,INDEX(Fire!A13:BJ13,1,26+Decay!Z12)-Decay!Z12) | AA12: =MAX(0,INDEX(Fire!A13:BJ13,1,27+Decay!AA12)-Decay!AA12) | AB12: =MAX(0,INDEX(Fire!A13:BJ13,1,28+Decay!AB12)-Decay!AB12) | AC12: =MAX(0,INDEX(Fire!A13:BJ13,1,29+Decay!AC12)-Decay!AC12) | AD12: =MAX(0,INDEX(Fire!A13:BJ13,1,30+Decay!AD12)-Decay!AD12) | AE12: =MAX(0,INDEX(Fire!A13:BJ13,1,31+Decay!AE12)-Decay!AE12) | AF12: =MAX(0,INDEX(Fire!A13:BJ13,1,32+Decay!AF12)-Decay!AF12) | AG12: =MAX(0,INDEX(Fire!A13:BJ13,1,33+Decay!AG12)-Decay!AG12) | AH12: =MAX(0,INDEX(Fire!A13:BJ13,1,34+Decay!AH12)-Decay!AH12) | AI12: =MAX(0,INDEX(Fire!A13:BJ13,1,35+Decay!AI12)-Decay!AI12) | AJ12: =MAX(0,INDEX(Fire!A13:BJ13,1,36+Decay!AJ12)-Decay!AJ12) | AK12: =MAX(0,INDEX(Fire!A13:BJ13,1,37+Decay!AK12)-Decay!AK12) | AL12: =MAX(0,INDEX(Fire!A13:BJ13,1,38+Decay!AL12)-Decay!AL12) | AM12: =MAX(0,INDEX(Fire!A13:BJ13,1,39+Decay!AM12)-Decay!AM12) | AN12: =MAX(0,INDEX(Fire!A13:BJ13,1,40+Decay!AN12)-Decay!AN12) | AO12: =MAX(0,INDEX(Fire!A13:BJ13,1,41+Decay!AO12)-Decay!AO12) | AP12: =MAX(0,INDEX(Fire!A13:BJ13,1,42+Decay!AP12)-Decay!AP12) | AQ12: =MAX(0,INDEX(Fire!A13:BJ13,1,43+Decay!AQ12)-Decay!AQ12) | AR12: =MAX(0,INDEX(Fire!A13:BJ13,1,44+Decay!AR12)-Decay!AR12) | AS12: =MAX(0,INDEX(Fire!A13:BJ13,1,45+Decay!AS12)-Decay!AS12) | AT12: =MAX(0,INDEX(Fire!A13:BJ13,1,46+Decay!AT12)-Decay!AT12) | AU12: =MAX(0,INDEX(Fire!A13:BJ13,1,47+Decay!AU12)-Decay!AU12) | AV12: =MAX(0,INDEX(Fire!A13:BJ13,1,48+Decay!AV12)-Decay!AV12) | AW12: =MAX(0,INDEX(Fire!A13:BJ13,1,49+Decay!AW12)-Decay!AW12) | AX12: =MAX(0,INDEX(Fire!A13:BJ13,1,50+Decay!AX12)-Decay!AX12) | AY12: =MAX(0,INDEX(Fire!A13:BJ13,1,51+Decay!AY12)-Decay!AY12) | AZ12: =MAX(0,INDEX(Fire!A13:BJ13,1,52+Decay!AZ12)-Decay!AZ12) | BA12: =MAX(0,INDEX(Fire!A13:BJ13,1,53+Decay!BA12)-Decay!BA12) | BB12: =MAX(0,INDEX(Fire!A13:BJ13,1,54+Decay!BB12)-Decay!BB12) | BC12: =MAX(0,INDEX(Fire!A13:BJ13,1,55+Decay!BC12)-Decay!BC12) | BD12: =MAX(0,INDEX(Fire!A13:BJ13,1,56+Decay!BD12)-Decay!BD12) | BE12: =MAX(0,INDEX(Fire!A13:BJ13,1,57+Decay!BE12)-Decay!BE12) | BF12: =MAX(0,INDEX(Fire!A13:BJ13,1,58+Decay!BF12)-Decay!BF12) | BG12: =MAX(0,INDEX(Fire!A13:BJ13,1,59+Decay!BG12)-Decay!BG12) | BH12: =MAX(0,INDEX(Fire!A13:BJ13,1,60+Decay!BH12)-Decay!BH12) | BI12: 0 | BJ12: 0
... A39: =MAX(0,INDEX(Fire!A40:BJ40,1,1+Decay!A39)-Decay!A39) | B39: =MAX(0,INDEX(Fire!A40:BJ40,1,2+Decay!B39)-Decay!B39) | C39: =MAX(0,INDEX(Fire!A40:BJ40,1,3+Decay!C39)-Decay!C39) | D39: =MAX(0,INDEX(Fire!A40:BJ40,1,4+Decay!D39)-Decay!D39) | E39: =MAX(0,INDEX(Fire!A40:BJ40,1,5+Decay!E39)-Decay!E39) | F39: =MAX(0,INDEX(Fire!A40:BJ40,1,6+Decay!F39)-Decay!F39) | G39: =MAX(0,INDEX(Fire!A40:BJ40,1,7+Decay!G39)-Decay!G39) | H39: =MAX(0,INDEX(Fire!A40:BJ40,1,8+Decay!H39)-Decay!H39) | I39: =MAX(0,INDEX(Fire!A40:BJ40,1,9+Decay!I39)-Decay!I39) | J39: =MAX(0,INDEX(Fire!A40:BJ40,1,10+Decay!J39)-Decay!J39) | K39: =MAX(0,INDEX(Fire!A40:BJ40,1,11+Decay!K39)-Decay!K39) | L39: =MAX(0,INDEX(Fire!A40:BJ40,1,12+Decay!L39)-Decay!L39) | M39: =MAX(0,INDEX(Fire!A40:BJ40,1,13+Decay!M39)-Decay!M39) | N39: =MAX(0,INDEX(Fire!A40:BJ40,1,14+Decay!N39)-Decay!N39) | O39: =MAX(0,INDEX(Fire!A40:BJ40,1,15+Decay!O39)-Decay!O39) | P39: =MAX(0,INDEX(Fire!A40:BJ40,1,16+Decay!P39)-Decay!P39) | Q39: =MAX(0,INDEX(Fire!A40:BJ40,1,17+Decay!Q39)-Decay!Q39) | R39: =MAX(0,INDEX(Fire!A40:BJ40,1,18+Decay!R39)-Decay!R39) | S39: =MAX(0,INDEX(Fire!A40:BJ40,1,19+Decay!S39)-Decay!S39) | T39: =MAX(0,INDEX(Fire!A40:BJ40,1,20+Decay!T39)-Decay!T39) | U39: =MAX(0,INDEX(Fire!A40:BJ40,1,21+Decay!U39)-Decay!U39) | V39: =MAX(0,INDEX(Fire!A40:BJ40,1,22+Decay!V39)-Decay!V39) | W39: =MAX(0,INDEX(Fire!A40:BJ40,1,23+Decay!W39)-Decay!W39) | X39: =MAX(0,INDEX(Fire!A40:BJ40,1,24+Decay!X39)-Decay!X39) | Y39: =MAX(0,INDEX(Fire!A40:BJ40,1,25+Decay!Y39)-Decay!Y39) | Z39: =MAX(0,INDEX(Fire!A40:BJ40,1,26+Decay!Z39)-Decay!Z39) | AA39: =MAX(0,INDEX(Fire!A40:BJ40,1,27+Decay!AA39)-Decay!AA39) | AB39: =MAX(0,INDEX(Fire!A40:BJ40,1,28+Decay!AB39)-Decay!AB39) | AC39: =MAX(0,INDEX(Fire!A40:BJ40,1,29+Decay!AC39)-Decay!AC39) | AD39: =MAX(0,INDEX(Fire!A40:BJ40,1,30+Decay!AD39)-Decay!AD39) | AE39: =MAX(0,INDEX(Fire!A40:BJ40,1,31+Decay!AE39)-Decay!AE39) | AF39: =MAX(0,INDEX(Fire!A40:BJ40,1,32+Decay!AF39)-Decay!AF39) | AG39: =MAX(0,INDEX(Fire!A40:BJ40,1,33+Decay!AG39)-Decay!AG39) | AH39: =MAX(0,INDEX(Fire!A40:BJ40,1,34+Decay!AH39)-Decay!AH39) | AI39: =MAX(0,INDEX(Fire!A40:BJ40,1,35+Decay!AI39)-Decay!AI39) | AJ39: =MAX(0,INDEX(Fire!A40:BJ40,1,36+Decay!AJ39)-Decay!AJ39) | AK39: =MAX(0,INDEX(Fire!A40:BJ40,1,37+Decay!AK39)-Decay!AK39) | AL39: =MAX(0,INDEX(Fire!A40:BJ40,1,38+Decay!AL39)-Decay!AL39) | AM39: =MAX(0,INDEX(Fire!A40:BJ40,1,39+Decay!AM39)-Decay!AM39) | AN39: =MAX(0,INDEX(Fire!A40:BJ40,1,40+Decay!AN39)-Decay!AN39) | AO39: =MAX(0,INDEX(Fire!A40:BJ40,1,41+Decay!AO39)-Decay!AO39) | AP39: =MAX(0,INDEX(Fire!A40:BJ40,1,42+Decay!AP39)-Decay!AP39) | AQ39: =MAX(0,INDEX(Fire!A40:BJ40,1,43+Decay!AQ39)-Decay!AQ39) | AR39: =MAX(0,INDEX(Fire!A40:BJ40,1,44+Decay!AR39)-Decay!AR39) | AS39: =MAX(0,INDEX(Fire!A40:BJ40,1,45+Decay!AS39)-Decay!AS39) | AT39: =MAX(0,INDEX(Fire!A40:BJ40,1,46+Decay!AT39)-Decay!AT39) | AU39: =MAX(0,INDEX(Fire!A40:BJ40,1,47+Decay!AU39)-Decay!AU39) | AV39: =MAX(0,INDEX(Fire!A40:BJ40,1,48+Decay!AV39)-Decay!AV39) | AW39: =MAX(0,INDEX(Fire!A40:BJ40,1,49+Decay!AW39)-Decay!AW39) | AX39: =MAX(0,INDEX(Fire!A40:BJ40,1,50+Decay!AX39)-Decay!AX39) | AY39: =MAX(0,INDEX(Fire!A40:BJ40,1,51+Decay!AY39)-Decay!AY39) | AZ39: =MAX(0,INDEX(Fire!A40:BJ40,1,52+Decay!AZ39)-Decay!AZ39) | BA39: =MAX(0,INDEX(Fire!A40:BJ40,1,53+Decay!BA39)-Decay!BA39) | BB39: =MAX(0,INDEX(Fire!A40:BJ40,1,54+Decay!BB39)-Decay!BB39) | BC39: =MAX(0,INDEX(Fire!A40:BJ40,1,55+Decay!BC39)-Decay!BC39) | BD39: =MAX(0,INDEX(Fire!A40:BJ40,1,56+Decay!BD39)-Decay!BD39) | BE39: =MAX(0,INDEX(Fire!A40:BJ40,1,57+Decay!BE39)-Decay!BE39) | BF39: =MAX(0,INDEX(Fire!A40:BJ40,1,58+Decay!BF39)-Decay!BF39) | BG39: =MAX(0,INDEX(Fire!A40:BJ40,1,59+Decay!BG39)-Decay!BG39) | BH39: =MAX(0,INDEX(Fire!A40:BJ40,1,60+Decay!BH39)-Decay!BH39) | BI39: 0 | BJ39: 0
A40: =Source | B40: =Source | C40: =Source | D40: =Source | E40: =Source | F40: =Source | G40: =Source | H40: =Source | ... BH40: =Source | BI40: 0 | BJ40: 0
A42: 36

Sheet Decay
A1: =RANDBETWEEN(0,2) | B1: =RANDBETWEEN(0,2) | C1: =RANDBETWEEN(0,2) | D1: =RANDBETWEEN(0,2) | E1: =RANDBETWEEN(0,2) | F1: =RANDBETWEEN(0,2) | G1: =RANDBETWEEN(0,2) | H1: =RANDBETWEEN(0,2) | ... BH1: =RANDBETWEEN(0,2)
A2: =RANDBETWEEN(0,2) | B2: =RANDBETWEEN(0,2) | C2: =RANDBETWEEN(0,2) | D2: =RANDBETWEEN(0,2) | E2: =RANDBETWEEN(0,2) | F2: =RANDBETWEEN(0,2) | G2: =RANDBETWEEN(0,2) | H2: =RANDBETWEEN(0,2) | ... BH2: =RANDBETWEEN(0,2)
A3: =RANDBETWEEN(0,2) | B3: =RANDBETWEEN(0,2) | C3: =RANDBETWEEN(0,2) | D3: =RANDBETWEEN(0,2) | E3: =RANDBETWEEN(0,2) | F3: =RANDBETWEEN(0,2) | G3: =RANDBETWEEN(0,2) | H3: =RANDBETWEEN(0,2) | ... BH3: =RANDBETWEEN(0,2)
A4: =RANDBETWEEN(0,2) | B4: =RANDBETWEEN(0,2) | C4: =RANDBETWEEN(0,2) | D4: =RANDBETWEEN(0,2) | E4: =RANDBETWEEN(0,2) | F4: =RANDBETWEEN(0,2) | G4: =RANDBETWEEN(0,2) | H4: =RANDBETWEEN(0,2) | ... BH4: =RANDBETWEEN(0,2)
A5: =RANDBETWEEN(0,2) | B5: =RANDBETWEEN(0,2) | C5: =RANDBETWEEN(0,2) | D5: =RANDBETWEEN(0,2) | E5: =RANDBETWEEN(0,2) | F5: =RANDBETWEEN(0,2) | G5: =RANDBETWEEN(0,2) | H5: =RANDBETWEEN(0,2) | ... BH5: =RANDBETWEEN(0,2)
A6: =RANDBETWEEN(0,2) | B6: =RANDBETWEEN(0,2) | C6: =RANDBETWEEN(0,2) | D6: =RANDBETWEEN(0,2) | E6: =RANDBETWEEN(0,2) | F6: =RANDBETWEEN(0,2) | G6: =RANDBETWEEN(0,2) | H6: =RANDBETWEEN(0,2) | ... BH6: =RANDBETWEEN(0,2)
A7: =RANDBETWEEN(0,2) | B7: =RANDBETWEEN(0,2) | C7: =RANDBETWEEN(0,2) | D7: =RANDBETWEEN(0,2) | E7: =RANDBETWEEN(0,2) | F7: =RANDBETWEEN(0,2) | G7: =RANDBETWEEN(0,2) | H7: =RANDBETWEEN(0,2) | ... BH7: =RANDBETWEEN(0,2)
A8: =RANDBETWEEN(0,2) | B8: =RANDBETWEEN(0,2) | C8: =RANDBETWEEN(0,2) | D8: =RANDBETWEEN(0,2) | E8: =RANDBETWEEN(0,2) | F8: =RANDBETWEEN(0,2) | G8: =RANDBETWEEN(0,2) | H8: =RANDBETWEEN(0,2) | ... BH8: =RANDBETWEEN(0,2)
A9: =RANDBETWEEN(0,2) | B9: =RANDBETWEEN(0,2) | C9: =RANDBETWEEN(0,2) | D9: =RANDBETWEEN(0,2) | E9: =RANDBETWEEN(0,2) | F9: =RANDBETWEEN(0,2) | G9: =RANDBETWEEN(0,2) | H9: =RANDBETWEEN(0,2) | ... BH9: =RANDBETWEEN(0,2)
A10: =RANDBETWEEN(0,2) | B10: =RANDBETWEEN(0,2) | C10: =RANDBETWEEN(0,2) | D10: =RANDBETWEEN(0,2) | E10: =RANDBETWEEN(0,2) | F10: =RANDBETWEEN(0,2) | G10: =RANDBETWEEN(0,2) | H10: =RANDBETWEEN(0,2) | ... BH10: =RANDBETWEEN(0,2)
A11: =RANDBETWEEN(0,2) | B11: =RANDBETWEEN(0,2) | C11: =RANDBETWEEN(0,2) | D11: =RANDBETWEEN(0,2) | E11: =RANDBETWEEN(0,2) | F11: =RANDBETWEEN(0,2) | G11: =RANDBETWEEN(0,2) | H11: =RANDBETWEEN(0,2) | ... BH11: =RANDBETWEEN(0,2)
A12: =RANDBETWEEN(0,2) | B12: =RANDBETWEEN(0,2) | C12: =RANDBETWEEN(0,2) | D12: =RANDBETWEEN(0,2) | E12: =RANDBETWEEN(0,2) | F12: =RANDBETWEEN(0,2) | G12: =RANDBETWEEN(0,2) | H12: =RANDBETWEEN(0,2) | ... BH12: =RANDBETWEEN(0,2)
... A39: =RANDBETWEEN(0,2) | B39: =RANDBETWEEN(0,2) | C39: =RANDBETWEEN(0,2) | D39: =RANDBETWEEN(0,2) | E39: =RANDBETWEEN(0,2) | F39: =RANDBETWEEN(0,2) | G39: =RANDBETWEEN(0,2) | H39: =RANDBETWEEN(0,2) | ... BH39: =RANDBETWEEN(0,2)
